descriptor,Activity,ACD,ETF,FRU,FWE,GHG,HTC,HTN,IOR,LDU,MRU,OZD,PCO,PMA,SWE,TRE,WTU,P_dqr,TiR_dqr,TeR_dqr,GR_dqr
PRODUCT_PROCESS_STEP:FOOTWEAR_ASSEMBLY/SNEAKER_SHOE#VN@WORLD,"Sneaker Shoe Assembly, Vietnam electricity",0.011435168602121782,10.88939141743929,24.940980406391077,0.0005952136520978564,1.6641292613878578,4.207172054590572e-10,2.3311705808090666e-08,0.027562751794909836,5.850463670265466,8.766541691332424e-06,5.253051249169176e-08,0.10000316113948529,8.379315820136008e-09,0.002153727641748599,0.021908295529155422,0.4135622633160213,2.17,2.17,2.26,2.52
PRODUCT_PROCESS_STEP:FOOTWEAR_ASSEMBLY/SNEAKER_SHOE#GLO@WORLD,"Sneaker Shoe Assembly, Global average electricity",0.0053002714433676166,9.757165788571672,18.366396120347265,0.0002656956942511165,1.013814640894939,3.691138576642952e-10,1.994893340333315e-08,0.03487897342892465,4.444671306095885,8.050519163626534e-06,4.965430737930246e-08,0.09753062694559436,1.0472722764942171e-09,0.0013166315847042652,0.01327176143269704,0.3757062471670211,2.26,2.2,2.42,2.92
