descriptor,Activity,ACD,ETF,FRU,FWE,GHG,HTC,HTN,IOR,LDU,MRU,OZD,PCO,PMA,SWE,TRE,WTU,P_dqr,TiR_dqr,TeR_dqr,GR_dqr
MATERIAL_PROCESS_STEP:COATING/SYNTHETIC_PU_LEATHER#DMF_FREE@WORLD,"Synthetic PU Leather, DMF-free (water-borne)",0.10579524611531745,235.45354947284264,250.56576232952676,0.004271932170145193,19.512099191797127,9.232761598348126e-09,1.3301686688487287e-07,0.9244683267018339,64.23543838559958,6.712301956845565e-05,2.3542548759776534e-05,0.07377845065483721,1.4600846322191066e-06,0.02389135889535894,0.2403254801347385,3.4959790692742088,3.0,3.0,3.0,3.0
MATERIAL_PROCESS_STEP:COATING/SYNTHETIC_PU_LEATHER#DMF_BASED@WORLD,"Synthetic PU Leather, DMF-based (solvent-based)",0.20575979376660655,265.9148535104449,454.237514992553,0.007500876471878242,37.02240793262808,9.354814375736217e-09,2.382557290127735e-07,1.6844831554786723,104.74000677249724,9.017985703029042e-05,8.97095000864966e-06,0.13278486207218926,2.8501175319158715e-06,0.04387777631523102,0.4740952628324064,6.07781452722312,3.0,3.0,3.0,3.0
